Id,Label,timeset,hash,member,stakes,indegree,outdegree,degree,pageranks
0,0,,0x005b661b34cb13e4023a26048eb6440a9e1d611b,1,0,0,0,0,0.001787
1,1,,0x007ab8fe04ad2863cb6881caa6744d522c532b71,1,0,0,0,0,0.001787
2,2,,0x009ec7d76febecabd5c73cb13f6d0fb83e45d450,1,0,0,0,0,0.001787
3,3,,0x01349510117dc9081937794939552463f5616dfb,1,0,0,0,0,0.001787
4,4,,0x01c7664ea0e4fa975ad3b9b97794e9b0c3901985,1,0,0,0,0,0.001787
5,5,,0x0210f405c9c9a2ff6ef9d5025be9508abdba84aa,1,0,0,0,0,0.001787
6,6,,0x022ce4715b44ef6f0ead8561b29da676928d16f3,1,0,0,0,0,0.001787
7,7,,0x02352e6dcf0c77577222adee8c63d52243b5c33f,1,0,0,0,0,0.001787
8,8,,0x026a5552d6ebe49b3d38f82028b0a58a856d1a1f,1,0,0,0,0,0.001787
9,9,,0x03c245bafcc0a80cd73b170d26e3d3663b90793c,1,0,0,0,0,0.001787
10,10,,0x049e8f5c08296d30a70ca613040817e5c28b0266,1,0,0,0,0,0.001787
11,11,,0x052564eb0fd8b340803df55def89c25c432f43f4,1,0,0,0,0,0.001787
12,12,,0x055abecbc7bb298721fd0a52510d5ef04d4e0411,1,0,0,0,0,0.001787
13,13,,0x05bff578e1c11657e0d8b859f1e848c2b92cd65c,1,0,0,0,0,0.001787
14,14,,0x05e3fddf871bcba3f0651fb01fd0d621ad087be2,1,0,0,0,0,0.001787
15,15,,0x06b172c63730f0ccfb40ea35e726ebf4e930c9e3,1,0,0,0,0,0.001787
16,16,,0x06d6f1c19c29e74b439363df878e9868efcf673a,1,0,0,0,0,0.001787
17,17,,0x0849d217d1999775b6026bf4a90b9cea175f8df5,1,0,0,0,0,0.001787
18,18,,0x0874b3d15079c6a4b48a1f03b44f44f3c278fe02,1,0,0,0,0,0.001787
19,19,,0x08eec580ad41e9994599bad7d2a74a9874a2852c,1,12,2,0,2,0.005009
20,20,,0x0aba55c93cf7292f71067b0ba0d8b464592895ca,1,0,0,0,0,0.001787
21,21,,0x0affccd762f0a7fa1bca40c51afe1a806a74a6f9,1,0,0,0,0,0.001787
22,22,,0x0c9138be6550898890bd01e8c11e81957f5318ef,1,0,0,0,0,0.001787
23,23,,0x0ddc793680ff4f5793849c8c6992be1695cbe72a,1,0,0,0,0,0.001787
24,24,,0x0ea1369eed0ba2efd562b9e51496a9d609ee1ffd,1,0,0,0,0,0.001787
25,25,,0x0ebbda43014a6e6c32657a8db79376738d549b2f,1,0,0,0,0,0.001787
26,26,,0x0eee37e52f6443e4e154e54f5e48e7ebe764d11c,1,0,0,0,0,0.001787
27,27,,0x0f07d407ac41d6dbb2cf237b0704c0ab5b9b8754,1,0,0,0,0,0.001787
28,28,,0x0fb36d9f6b28ed4578caa765294676e3aa977e41,1,0,0,0,0,0.001787
29,29,,0x1084b55cb63de549806a521036f7dad2d37e3fae,1,0,0,0,0,0.001787
30,30,,0x11b1785d9ac81480c03210e89f1508c8c115888e,1,0,0,0,0,0.001787
31,31,,0x11deec5102ccbefe460a0b328f145ce65920a0a2,1,0,0,0,0,0.001787
32,32,,0x124c3227bf55ec4a26f42b2629a89f99294eb7a8,1,0,0,0,0,0.001787
33,33,,0x12788951bb4d8efa049fb7c7d3e3421014bd0e5f,1,0,0,0,0,0.001787
34,34,,0x128f485175b02655c5a0c289903d1b733607afc0,1,0,0,0,0,0.001787
35,35,,0x13a0b42b9c180065510615972858bf41d1972a55,1,0,0,0,0,0.001787
36,36,,0x13d89b34bd57f483f4023ca147d1f093436cf4f4,1,0,0,0,0,0.001787
37,37,,0x13e209679a430d607cff56fc8e001dfe0cac80c9,1,0,0,0,0,0.001787
38,38,,0x144c4e5027b69f7798b2b162d924bcae5c149f15,1,0,0,0,0,0.001787
39,39,,0x1464d4e3c815de3028572b850c6c34dfc57e9320,1,0,0,0,0,0.001787
40,40,,0x156078faa26636f42965bd42072550ffbeb9a48b,1,0,0,0,0,0.001787
41,41,,0x15d3433cd9968c80523c757450d46d837bfa8f6e,1,0,0,0,0,0.001787
42,42,,0x17089a308ee42356dced12e13d8caa33e18c6d96,1,0,0,0,0,0.001787
43,43,,0x17ca7e4f40ce8cbae4f323a9f6bc8cf5109d5c37,1,0,0,0,0,0.001787
44,44,,0x1861974f32eacdcced0f81b0f8eccfed58153a9d,1,2,0,0,0,0.001787
45,45,,0x18b13ef88822292e59bff80210d815f7fbfc9b32,1,0,0,0,0,0.001787
46,46,,0x190473b3071946df65306989972706a4c006a561,1,0,0,0,0,0.001787
47,47,,0x197fc3e1f5422531954585c028aac6e52563a1d7,1,0,0,0,0,0.001787
48,48,,0x1a446ae14a28e158045dd4ddfc9a39fe49c0dae2,1,0,0,0,0,0.001787
49,49,,0x1ad4127be641d41865623887e8378b56aa0774ec,1,0,0,0,0,0.001787
50,50,,0x1cd7ed3a06746bec03e69574fbb3260c349bb6f1,1,0,0,0,0,0.001787
51,51,,0x1d873dfbd1159c893b8b7adc568d71f6d6c09bd8,1,0,0,0,0,0.001787
52,52,,0x1e2d425f30576432a8c74c8f74f0c8ff8a62f728,1,0,0,0,0,0.001787
53,53,,0x1f468fbc152b5a04e46a6a7a13d93d5b174bbc96,1,0,0,0,0,0.001787
54,54,,0x233c630be34d97e4eacf6d6450389d9ce1294d0d,1,0,0,0,0,0.001787
55,55,,0x24597c5c68687e816ffc0c69e064cb70bb62a9cd,1,0,0,0,0,0.001787
56,56,,0x2474b32a2f1ab83cf2ac52080559706152909777,1,0,0,0,0,0.001787
57,57,,0x25b7dd8628e8c25127277787c5d32d44318e4e57,1,0,0,0,0,0.001787
58,58,,0x26e09e3c86bcb65b3bdf1e6c2605116cdb727944,1,0,0,0,0,0.001787
59,59,,0x274d9e726844ab52e351e8f1272e7fc3f58b7e5f,1,0,0,0,0,0.001787
60,60,,0x28e632f8838dcc6c558856d7fc1115143c3e8585,1,0,0,0,0,0.001787
61,61,,0x299cea51ccec30fd64e3582c537b522c40cf5e21,1,0,0,0,0,0.001787
62,62,,0x29fc44d5daa3e191118f4efa5e91ebff572a0186,1,0,0,0,0,0.001787
63,63,,0x2a3b4986cb64bd5e4c6484282fb896fbe60b4e28,1,0,0,0,0,0.001787
64,64,,0x2b2accf05f1dbab79afdc25395f7dabc76e6132b,1,0,0,0,0,0.001787
65,65,,0x2b8e92e075efb988d48a6c33d5e268efe23806d7,1,0,0,0,0,0.001787
66,66,,0x2cc54bffe6cb8ab8972c7d426d9ef9aca26db101,1,0,0,0,0,0.001787
67,67,,0x2cc7df4792e363be72c2f8a1f3cd8f086b5107df,1,0,0,0,0,0.001787
68,68,,0x2df45c44c37757910b27d6db10d5139d52a8ea13,1,0,0,0,0,0.001787
69,69,,0x2ef7526b624136b2ee8b426c620c3e6b3997f24e,1,0,0,0,0,0.001787
70,70,,0x2fc01ff5abb40a0081185f05560c18bc04faf030,1,0,0,0,0,0.001787
71,71,,0x305ba6fbb4a555d63ad66712ea1364570f409e77,1,0,0,0,0,0.001787
72,72,,0x30887fc55cbfad3487cb55bfe1779f6d2ba1c118,1,0,0,0,0,0.001787
73,73,,0x308d5aa5ae305abee43d060d8c3e990a5af61ed9,1,0,0,0,0,0.001787
74,74,,0x3111327edd38890c3fe564afd96b4c73e8101747,1,13,2,0,2,0.003089
75,75,,0x3269c4c05356e511bc447da5c722e63f682243c9,1,0,0,0,0,0.001787
76,76,,0x32a59b87352e980dd6ab1baf462696d28e63525d,1,0,0,0,0,0.001787
77,77,,0x334f12afb7d8740868be04719639616533075234,1,0,0,0,0,0.001787
78,78,,0x33f19221618359fdbd68245220b1e6d07d2da12c,1,0,0,0,0,0.001787
79,79,,0x34cd8a21e92b0abd558ff02d6cc7a9e12daf0ff1,1,0,0,0,0,0.001787
80,80,,0x350f2808efbaff2a89efc34f0da4e063c4e09b5e,1,0,0,0,0,0.001787
81,81,,0x35e2acd3f46b13151bc941daa44785a38f3bd97a,1,0,0,0,0,0.001787
82,82,,0x36000d7592b3bce1a5d7e24d99ad73e38e49cce9,1,0,0,0,0,0.001787
83,83,,0x361fa18e0320e94a3db20912f24de8be76aa0e49,1,0,0,0,0,0.001787
84,84,,0x365bd827c68d5de0e2bfa5871dc0ecaaf074d5ab,1,0,0,0,0,0.001787
85,85,,0x3660581fd4bce34ae6d9d29f619e9561564f20ea,1,0,0,0,0,0.001787
86,86,,0x368ab9c6c03bedbcd0d0e7913ee903767a9996d6,1,0,0,0,0,0.001787
87,87,,0x3706c5fbe1d3f9d8e1da3c0989ecff4cb84be4c8,1,1,0,2,2,0.001787
88,88,,0x385352b1a151c5cd36c8ef61b4504db8a8dcfdcc,1,0,0,0,0,0.001787
89,89,,0x396983073b0a08b5862288c0825944cf9a6604aa,1,0,0,0,0,0.001787
90,90,,0x3b38df411221126688b7ca4cd3b5c08144e558e5,1,0,0,0,0,0.001787
91,91,,0x3b3a03dda29d834eea63ca856f923f8a86d9aa51,1,0,0,0,0,0.001787
92,92,,0x3bcebeafee1476ae989ef108c2c825ad3be7a38b,1,0,0,0,0,0.001787
93,93,,0x3c1863dedc30f8650e63e5c4b5400ba80e19b8ac,1,0,0,0,0,0.001787
94,94,,0x3c87b4c34abdb615bd405458982e1a2076d24111,1,3,4,2,6,0.00391
95,95,,0x3cf3a2bf69d871c21c0046fa110977dcd17e40ab,1,0,0,0,0,0.001787
96,96,,0x3d9d67e45989e0eda022faadecee9dd5c6d2e93f,1,0,0,0,0,0.001787
97,97,,0x3dad32f81f5dc35d961d3da77d32a0a268b8db44,1,1,0,0,0,0.001787
98,98,,0x3dda651e7175d402aebdf5e230c0c611a7316e87,1,0,0,0,0,0.001787
99,99,,0x3e9976d5ba86a78d6e5c25bc2f309049676c0798,1,1,0,3,3,0.001787
100,100,,0x3ec13819b7be728a55dd1fa4ebe26f4ac7e3296b,1,0,0,0,0,0.001787
101,101,,0x3efd3391a0601eaa093647f911c653d77c11e3fd,1,0,0,0,0,0.001787
102,102,,0x3f375ddb3e07262d48b3fa79489297ce573e35c4,1,0,0,0,0,0.001787
103,103,,0x3f3e6add7da36a76539f1cc5b159d040c633134b,1,0,0,0,0,0.001787
104,104,,0x3f46680099cf623163c96747a8addb85a1da1cd1,1,0,0,0,0,0.001787
105,105,,0x3fdf68521985a8d5a3a6912aa786b900de3c3878,1,0,0,0,0,0.001787
106,106,,0x40c4a7f6c109ff62c12a6daa95d6bf3ba38bddc6,1,0,0,0,0,0.001787
107,107,,0x413acadb4740e55ff5cc4f2805af76eb6f21af49,1,0,0,0,0,0.001787
108,108,,0x4171160db0e7e2c75a4973b7523b437c010dd9d4,1,0,0,0,0,0.001787
109,109,,0x424a46612794dbb8000194937834250dc723ffa5,1,0,0,0,0,0.001787
110,110,,0x436ab15705e0ed23284512770748770ee4c16155,1,0,0,0,0,0.001787
111,111,,0x43df478caf6450109ab25b6418bed2919b6166b9,1,0,0,0,0,0.001787
112,112,,0x441428454b614d2bb2782165ef1cee53da79dd93,1,0,0,0,0,0.001787
113,113,,0x443e3948c38c1bb07a2d6f028ed052a922581d5b,1,0,0,0,0,0.001787
114,114,,0x47f7dd197d6e5ef897c2ec53a4d45af87489e441,1,0,0,0,0,0.001787
115,115,,0x485c2c637b9df7f189eb0452d234dfdeee13af03,1,0,0,0,0,0.001787
116,116,,0x48832562d5c50267cb1a42d88622ee2b18b5f9d2,1,0,0,0,0,0.001787
117,117,,0x49739691fb5f3992b3f2536f309d955558e75933,1,0,0,0,0,0.001787
118,118,,0x49d776ed2d6fcfe2078805b18ea6fd01ca6d1266,1,0,0,0,0,0.001787
119,119,,0x4a0200096a86f4d51095a1e3c7a00b3744dc3ff3,1,0,0,0,0,0.001787
120,120,,0x4c5472116fe8fdc491428899aa7f3b2d8e631896,1,0,0,0,0,0.001787
121,121,,0x4c6e230774b2bb74c2889a6679db1ed19d73aa26,1,0,0,0,0,0.001787
122,122,,0x4cecc8cd98d2693431338b774777cc967a2ed879,1,0,0,0,0,0.001787
123,123,,0x4efbcfacba805254e59462af3b0f0c83ddd6af3a,1,23,8,10,18,0.013926
124,124,,0x4fcba22f6a98b38f3f9c6fd8d6306ca698255618,1,0,0,0,0,0.001787
125,125,,0x50161fdbc87076e557bdac3c5586b9e0998ce2b7,1,0,0,0,0,0.001787
126,126,,0x5394dc2a6979395cb3893b1215112afb9d04353b,1,0,0,0,0,0.001787
127,127,,0x54488ad9f88cf00397de235d343c421dcb4d5245,1,0,0,0,0,0.001787
128,128,,0x54e9a1aa8bc314ed3109c5915d2dc388b1d594ba,1,0,0,0,0,0.001787
129,129,,0x566bd52454aed2dafd7469c8aba9e313a748cae7,1,0,0,0,0,0.001787
130,130,,0x57204702acbaea34b45b6ded28162f442c15f607,1,0,0,0,0,0.001787
131,131,,0x5769b4b1c9494335b295d44a66eb1fe41e78a423,1,0,0,0,0,0.001787
132,132,,0x57757e3d981446d585af0d9ae4d7df6d64647806,1,0,0,0,0,0.001787
133,133,,0x58b753f0c417494226af608b63e80028255cbc64,1,1,1,0,1,0.002869
134,134,,0x58fdd0fa08ccde333e1f17d232dd418258fc5150,1,0,0,0,0,0.001787
135,135,,0x5ac6dffab8d7c0085ff9b6cdcf8b72f2a1ca06e4,1,0,0,0,0,0.001787
136,136,,0x5ac843eecbf67669d4003aa49ae5e0136dc73365,1,0,0,0,0,0.001787
137,137,,0x5bdc20c8d3b00268c1cb0d1ae404956b6feef19a,1,1,0,1,1,0.001787
138,138,,0x5c11b0655e7c7e63eb11709bcf9c70da95276c87,1,0,0,0,0,0.001787
139,139,,0x5c4b2dbb3f9773186a14a5736c5b13705f0c4c4d,1,0,0,0,0,0.001787
140,140,,0x5c87915f26b5414e9748300caa7a67f5f0c1b989,1,0,0,0,0,0.001787
141,141,,0x5c91c5fd6851f9ed55dacb5d7eae87d9549b8d82,1,0,0,0,0,0.001787
142,142,,0x5d8c4d2e82400dddd785788d3bc4eb6985441566,1,0,0,0,0,0.001787
143,143,,0x5e79a38034862733788eefdc3ffedb094444c482,1,0,0,0,0,0.001787
144,144,,0x5f72c7ca304679b07c527dd0f245f76b5d62ce61,1,0,0,0,0,0.001787
145,145,,0x5faad293282818791356d5f83af8748fb8842522,1,0,0,0,0,0.001787
146,146,,0x5fda40f5059a5650d5a4a0e56b3cf35cf3b8e4a5,1,0,0,0,0,0.001787
147,147,,0x601c6d9eff76ae8cd7bff5fc4900f20f6f80734f,1,0,0,0,0,0.001787
148,148,,0x60b4aa91028ab07df9bee21e4f7d8767d9d6debf,1,0,0,0,0,0.001787
149,149,,0x60b650aaf8002cd4ed096858d641ebbc13264594,1,0,0,0,0,0.001787
150,150,,0x60dafedf4865cc4bb95270002d04a25dcfc63c24,1,0,0,0,0,0.001787
151,151,,0x60e8405ffbe127b17b3a37e51a95fdae3ffd8277,1,0,0,0,0,0.001787
152,152,,0x6260204b5714c692804d1c71f325fdb0e184339d,1,0,0,0,0,0.001787
153,153,,0x6365ca7eeac872310727dacebfd5c31fe9ebacea,1,0,0,0,0,0.001787
154,154,,0x63a5d59953b8a317de02b292549489e259cb77a5,1,0,0,0,0,0.001787
155,155,,0x63e62588330657c99ba79139e7c21af0c0db1e7e,1,0,0,0,0,0.001787
156,156,,0x656e5569bef7781bf0db199d32027766053501ff,1,0,0,0,0,0.001787
157,157,,0x6595732468a241312bc307f327ba0d64f02b3c20,1,0,0,0,0,0.001787
158,158,,0x663d3947f03ef5b387992b880ac85940057c13e3,1,0,0,0,0,0.001787
159,159,,0x6651a0a95e7e19c13dd94cab16c91c201337b56a,1,0,0,0,0,0.001787
160,160,,0x66c11da57f28043f41b5e566b74f62f7c0a4ea29,1,0,0,0,0,0.001787
161,161,,0x66c18ac12b1d4790939e84aa3476adfcd8284180,1,0,0,0,0,0.001787
162,162,,0x6719203c1dd377ed03268af96d33ed7e2c24a19d,1,0,0,0,0,0.001787
163,163,,0x67229e248d9afef7a36efa7a652d458e951c3724,1,0,0,0,0,0.001787
164,164,,0x67a16655c1c46f8822726e989751817c49f29054,1,0,0,0,0,0.001787
165,165,,0x684252cf95529a209ed9bd1f1b8b6ce36f17e6b8,1,0,0,0,0,0.001787
166,166,,0x6950b57f8851a3fdfe7576c3b9633d516751c5c5,1,0,0,0,0,0.001787
167,167,,0x6952bb94f2b6ba725868b44e2c654da67c43fcc6,1,0,0,0,0,0.001787
168,168,,0x69ac317916524f22fc8ba860a9e218f6ed93917c,1,0,0,0,0,0.001787
169,169,,0x69ae672aa95b648d5319d5424a7922690a55a95b,1,0,0,0,0,0.001787
170,170,,0x6a983e653d6d7c81fbd29dd7cc638b6f36242d08,1,0,0,0,0,0.001787
171,171,,0x6ac0a885ed84f4a2d062c60fb7daaf504fc8c47f,1,0,0,0,0,0.001787
172,172,,0x6af855deb29e3bddfd8434369a78521102c1c998,1,0,0,0,0,0.001787
173,173,,0x6d0e342e01d1b7aa7f973e2f92fd91673a3d3515,1,0,0,0,0,0.001787
174,174,,0x6d1a4be65723355a9f5b12c446780a5000849461,1,0,0,0,0,0.001787
175,175,,0x6dd5f1bf1ffa6a3173e333c1588f4cdde8c6799e,1,0,0,0,0,0.001787
176,176,,0x6f0e26acb8d20a6356c98a5bb6e28e6d8defc29b,1,0,0,0,0,0.001787
177,177,,0x6f9bb7e454f5b3eb2310343f0e99269dc2bb8a1d,1,0,0,0,0,0.001787
178,178,,0x7143a19c74ff007cac92820a243324911407ac5d,1,0,0,0,0,0.001787
179,179,,0x71ce21a0776df966052cac4fe98d18313dd3c214,1,0,0,0,0,0.001787
180,180,,0x723ce1691eb38384fe4111a8694bf85c6218a09a,1,0,0,0,0,0.001787
181,181,,0x7294f8591f927a98b178b6d5762fafcace4cccb4,1,0,0,0,0,0.001787
182,182,,0x72ee53e890f6a0065dc6c35382f6528a474d8515,1,0,0,0,0,0.001787
183,183,,0x730fd267ef60b27615324b94bf0bc7ed15d52718,1,28,6,8,14,0.009854
184,184,,0x7359490bcf03aa66c5d0e1deec474d3d97b46c43,1,0,0,0,0,0.001787
185,185,,0x73db6408abbea97c5db8a2234c4027c315094936,1,0,0,0,0,0.001787
186,186,,0x759a2169da1b826f795a00a9ab5f29f9ca39e48a,1,0,0,0,0,0.001787
187,187,,0x76331984a34edcc88f70d34b2348777bc43c6ca5,1,0,0,0,0,0.001787
188,188,,0x76602fae6ccb0ec482f95a5f3e2bc3d92c54f4ec,1,0,0,0,0,0.001787
189,189,,0x76cf794b40ae7fc93cf6da66417820db505e6479,1,0,0,0,0,0.001787
190,190,,0x78ce3083af5d6d4b8182a5688e57e42a7c1ff79c,1,0,0,0,0,0.001787
191,191,,0x78f0fa9da7871a7988fa4f2729104591c325212c,1,0,0,0,0,0.001787
192,192,,0x7933b94746df9a0791402c1da59c371c1691f145,1,0,0,0,0,0.001787
193,193,,0x797f63620e62dbc83a5bc88c6a43494ded428cbe,1,0,0,0,0,0.001787
194,194,,0x79b63d1077c2f12015397a0922e516c1f68c0ce5,1,0,0,0,0,0.001787
195,195,,0x7a16d2ae6832ca63cc2ae793d0388baa978991c9,1,0,0,0,0,0.001787
196,196,,0x7b892e392d82ec5a384e244b6c483e64433b2234,1,0,0,0,0,0.001787
197,197,,0x7c0e2daa386e4ff4dbbbf4b0cfadf35a625aa86c,1,0,0,0,0,0.001787
198,198,,0x7c706b03b8da889152b0e5e32574c7f0440c7f87,1,0,0,0,0,0.001787
199,199,,0x7cc672080e0f3a1e28c281d352fce350fd20dd86,1,0,0,0,0,0.001787
200,200,,0x7ccf2d36f8646a395a3af7b4087337532a03bc49,1,0,0,0,0,0.001787
201,201,,0x7dc252b36ca3dd3573abfc47076d28bb423b0774,1,2,0,0,0,0.001787
202,202,,0x7e72cfd9a36517435dc1ca7f9451eccbc973111e,1,1,1,0,1,0.002505
203,203,,0x7f2a1ef39ea0d470b5669ce105a13c5b3bd8cd31,1,0,0,0,0,0.001787
204,204,,0x818ff73a5d881c27a945be944973156c01141232,1,0,0,0,0,0.001787
205,205,,0x81d1029b9140721c509d7469c1c2028b0c4eb687,1,0,0,0,0,0.001787
206,206,,0x82f3f10675d7294ee4aeac90a5ed7b7c642bb640,1,0,0,0,0,0.001787
207,207,,0x838ed92f3625717e8c320aa7166a28c45838c9c3,1,0,0,0,0,0.001787
208,208,,0x839395e20bbb182fa440d08f850e6c7a8f6f0780,1,0,0,0,0,0.001787
209,209,,0x84443f61efc60d10da9f9a2398980cd5748394bb,1,27,4,3,7,0.007898
210,210,,0x847e87c5df4ec222a0ee46db18afa3bcc79883eb,1,0,0,0,0,0.001787
211,211,,0x849dc4a4180075e568315c811a8dfad813236d9b,1,0,0,0,0,0.001787
212,212,,0x8644daa288acb539a07d3dceb6d58f7a2af60c3d,1,0,0,0,0,0.001787
213,213,,0x866db98fae3fafc84ebd9535a262da858805b17a,1,0,0,0,0,0.001787
214,214,,0x86ccf261bb4240e2df95817c6a2e73e16e749ac2,1,0,0,0,0,0.001787
215,215,,0x8761e0dd63d14cf566acf4b730f3540f164b6b56,1,0,0,0,0,0.001787
216,216,,0x87783da4c3c23b0515f074ae82957771992222f3,1,0,0,0,0,0.001787
217,217,,0x87bdb4879138276e241116d54c7f67c3bb375593,1,0,0,0,0,0.001787
218,218,,0x884cadd01715854b83779e835473960ec8ef59e0,1,0,0,0,0,0.001787
219,219,,0x88586b83d111887b97cf975fb172d178ffc3565a,1,0,0,0,0,0.001787
220,220,,0x885fe0722ebaa70c5b4194b3549b0e7447930d7a,1,0,0,0,0,0.001787
221,221,,0x88f1706c20d94a4d1551c5f799c9e3380a24c3ac,1,0,0,0,0,0.001787
222,222,,0x8a9bcdc68d19e111663d6c986caf1da1eda1c304,1,0,0,0,0,0.001787
223,223,,0x8ab0fe3d61e372a0caa2b2acf6d1ffdefd1c645a,1,0,0,0,0,0.001787
224,224,,0x8adb56b4bdeea07e7ecc11a07c283d940237d4d5,1,0,0,0,0,0.001787
225,225,,0x8bce57b7b84218397ffb6cefae99f4792ee8161d,1,0,0,0,0,0.001787
226,226,,0x8c14fff372813ca9ccfab0c7de806a3feda1b3d8,1,0,0,0,0,0.001787
227,227,,0x8db6b632d743aef641146dc943acb64957155388,1,0,0,0,0,0.001787
228,228,,0x8fae2df5b0c5bbb7fc31dddec9bf045c55642bd0,1,0,0,0,0,0.001787
229,229,,0x901e9ffe28c136759399025ef9d2da2ca9089bd2,1,0,0,0,0,0.001787
230,230,,0x902d39a1866d0fa9a1ed0d6e6538338c4ed6ebf3,1,0,0,0,0,0.001787
231,231,,0x905185374ac57203dd7a5ceeb6c0ca8e17fb86b1,1,0,0,0,0,0.001787
232,232,,0x91323447dd945d0efebd0eb4d9dad7c8478a40bd,1,0,0,0,0,0.001787
233,233,,0x91628ddc3a6ff9b48a2f34fc315d243eb07a9501,1,19,3,2,5,0.005069
234,234,,0x916ef7316423b84c3fec35d8914af1e0a17c56b8,1,0,0,0,0,0.001787
235,235,,0x920afee8d725767065be7de1e02722bba4b47ca9,1,0,0,0,0,0.001787
236,236,,0x92357e8fa53908baa5d8606b016b15ee89a0b885,1,0,0,0,0,0.001787
237,237,,0x93d29542401c00f1431fd1c80b634697e5645c59,1,2,0,2,2,0.001787
238,238,,0x952d13d6f71b4a1399bbac77f07e4ca1ba48d22e,1,0,0,0,0,0.001787
239,239,,0x9563c6f3948d9287c3b3d1313d4996aab5edefc9,1,0,0,0,0,0.001787
240,240,,0x9570095e876e44cb6bd958d93944a2581d44aedc,1,0,0,0,0,0.001787
241,241,,0x957d35d13687582773fc0cf11211de159ca649f2,1,0,0,0,0,0.001787
242,242,,0x9671a3fbbfb13d68e5770afed424f8915ea0ada3,1,0,0,0,0,0.001787
243,243,,0x978aad63fe35f7a72573c411c3dff53608aaeac9,1,0,0,0,0,0.001787
244,244,,0x97d89390a4b486da774953ea0799bbd30eba30aa,1,0,0,0,0,0.001787
245,245,,0x9885a84930e3c8c865a1d3debdc204f990bab7c3,1,0,0,0,0,0.001787
246,246,,0x9954154fb679105b06f16acad24c2fc159c4248e,1,0,0,0,0,0.001787
247,247,,0x9a94ac82b17e67f7dff81912de68eb74ca20e6c3,1,0,0,0,0,0.001787
248,248,,0x9ad6bb93353dbab28f37e3d0b3c57acd4b445961,1,2,2,0,2,0.004429
249,249,,0x9c5083dd4838e120dbeac44c052179692aa5dac5,1,0,0,0,0,0.001787
250,250,,0x9dc79d62078efeb55be4d9c69c3ce34048678bdb,1,0,0,0,0,0.001787
251,251,,0xa106654759dc3b9f980114ae47837a9fba147166,1,0,0,0,0,0.001787
252,252,,0xa15ca74e65bf72730811abf95163e89ad9b9dff6,1,6,1,3,4,0.004355
253,253,,0xa343618637bcecb12a723c9007360c305b0507c2,1,0,0,0,0,0.001787
254,254,,0xa3f3fa8139a474067ed3f755f319a5cb8c5bcd1f,1,0,0,0,0,0.001787
255,255,,0xa41286ed588185ab56199deb1b40f6751041e924,1,0,0,0,0,0.001787
256,256,,0xa415561b5dd781b575a95b6d0d5d024703606e24,1,0,0,0,0,0.001787
257,257,,0xa493f3adf76560092088a61e9e314a08d0b1b2b8,1,6,1,0,1,0.002371
258,258,,0xa5a29f81eee450ec189b2f8b4562af1785595d69,1,0,0,0,0,0.001787
259,259,,0xa67b89210b01ee079eda08e8838a1c20ca90e3e5,1,0,0,0,0,0.001787
260,260,,0xa6cd28ef39015f7f9b162a6e08a6168c9ebfdd66,1,0,0,0,0,0.001787
261,261,,0xa7bd09daab3eb5ec96f04914d94c47681489d604,1,0,0,0,0,0.001787
262,262,,0xa824dc3ae402dfd6a5de71c6fc30ff9e00411209,1,0,0,0,0,0.001787
263,263,,0xa932e2c7d88497fdee9d87e5a450bae3874ff1a1,1,4,0,0,0,0.001787
264,264,,0xa98bb5cedc8ad73583f0783e48a8522d55c666e3,1,0,0,0,0,0.001787
265,265,,0xaae1ddb3aa7f6af2a9f56c20a618363a0f1e1f01,1,0,0,0,0,0.001787
266,266,,0xab59f359d7b063e99cd6376e432ae3bc70e40c7b,1,0,0,0,0,0.001787
267,267,,0xabd238fa6b6042438fbd22e7d398199080b4224c,1,75,4,8,12,0.013733
268,268,,0xac201cab893873a2ae2c519f65d80acb87ea8dbe,1,0,0,0,0,0.001787
269,269,,0xac4361f56c82ed59d533d45129f407015d84702a,1,0,0,0,0,0.001787
270,270,,0xad2c2a8800ee32fa966c3b16061a6bdfa47cf259,1,0,0,0,0,0.001787
271,271,,0xaea94ced5eca3d76e4ddd1d7cfa5e0735dc23ae4,1,0,0,0,0,0.001787
272,272,,0xaecaea22cd213f0df786af9f8b7d2f651af84d3c,1,0,0,0,0,0.001787
273,273,,0xb0e83c2d71a991017e0116d58c5765abc57384af,1,76,14,12,26,0.025142
274,274,,0xb16ecbb050ee31e3f034c5a5a02d6e2bb272987a,1,0,0,0,0,0.001787
275,275,,0xb1f545d2f4d6681d1a980ed3eee4c3d389b6b27a,1,0,0,0,0,0.001787
276,276,,0xb21718a95d88eea6e955b7440b7228bc2168f4de,1,0,0,0,0,0.001787
277,277,,0xb263e97547b3bedc9aa3214c0bc49c5985df26d2,1,0,0,0,0,0.001787
278,278,,0xb2e02d4a5b14d1c75629454a59d1eed847fe8c46,1,0,0,0,0,0.001787
279,279,,0xb33b9fba681653fe263b31a95766d83d18c2128d,1,30,7,2,9,0.01286
280,280,,0xb4c757a71d084df8f9f393cc47639701f595fd87,1,0,0,0,0,0.001787
281,281,,0xb514b734951e8fea74990035f3534a1ad75e53a5,1,0,0,0,0,0.001787
282,282,,0xb5806a701c2ae0366e15bde9be140e82190fa3d6,1,0,0,0,0,0.001787
283,283,,0xb5cd39eee09b930e4a6c191bc6433201e2fca183,1,0,0,0,0,0.001787
284,284,,0xb6317af995693789900f85b2d93d1dd0f5deb558,1,0,0,0,0,0.001787
285,285,,0xb64850fe701fb64667b6cc762aa2c12f2e02193c,1,0,0,0,0,0.001787
286,286,,0xb7399140154e2299edf131f5a1b9d1835c656293,1,0,0,0,0,0.001787
287,287,,0xb80d3fdbb26f6012c2c63663102e57d0e529031a,1,0,0,0,0,0.001787
288,288,,0xb81e88279f3208001aeda20689d3e5d818758dbf,1,0,0,0,0,0.001787
289,289,,0xb9c4d61f1b4ff774c7f79f0cc34ad6a62f6156ec,1,0,0,0,0,0.001787
290,290,,0xba45e649762cc8962636da79cd03b61954ebd59d,1,0,0,0,0,0.001787
291,291,,0xbab7cc5708b53eb9c07505b66ca62c8ad6ef9e7e,1,0,0,0,0,0.001787
292,292,,0xbad487baa8e349272d0f3bf1578870f2647072f3,1,0,0,0,0,0.001787
293,293,,0xbb47f793f0e843e4d68dac96952dccc064f50304,1,0,0,0,0,0.001787
294,294,,0xbbba7fce7917e8316e6bd00e9b1fa2ebe0faf12f,1,0,0,0,0,0.001787
295,295,,0xbd12aa424c207e90b66402c1f0aec357e8b1ded7,1,0,0,0,0,0.001787
296,296,,0xbd7acdba6383f3187c0d7dbd046af0834f06e92e,1,0,0,0,0,0.001787
297,297,,0xbdf6e91249c335ddf3f656c465326a69c13e1eb0,1,0,0,0,0,0.001787
298,298,,0xbe1a98d3452f6da6e0984589e545d4fc25af7526,1,0,0,0,0,0.001787
299,299,,0xbf15bd159ae5b410c4b7d4ae0230fb81f2f21cf1,1,0,0,0,0,0.001787
300,300,,0xbf5cbde7fdf0b5fa09ce61e50ad46632a09312e9,1,0,0,0,0,0.001787
301,301,,0xc0ae6010b9d54230decee0ac15c9cd218cceb440,1,0,0,0,0,0.001787
302,302,,0xc0dd8396262dc021a54e19458dfd905e6c69737d,1,0,0,0,0,0.001787
303,303,,0xc16c8702a1d50a92669ed0f970d6e1f7dae74c44,1,0,0,0,0,0.001787
304,304,,0xc35a5fec6be6957899e15559be252db882220b37,1,0,0,0,0,0.001787
305,305,,0xc437c44b01bb6b89b72fd065b652de5d70375d1d,1,0,0,0,0,0.001787
306,306,,0xc4521828d9035cab7832408b40cd4493d4a02baa,1,0,0,0,0,0.001787
307,307,,0xc4a69fbf4511a1377161834cb7a3b8766953db02,1,0,0,0,0,0.001787
308,308,,0xc4d9d1a93068d311ab18e988244123430eb4f1cd,1,6,4,0,4,0.005527
309,309,,0xc4eaf72bc568d82bd82e7a1c1c0d0fc536984dc7,1,0,0,0,0,0.001787
310,310,,0xc568b00c08e14786a53b85fe5890ef4a63c0cfee,1,0,0,0,0,0.001787
311,311,,0xc5863148cfa940422f50e1576e3825bf5bd1884d,1,0,0,0,0,0.001787
312,312,,0xc59d941d3493fe196f048fca96c2503d4c365391,1,0,0,0,0,0.001787
313,313,,0xc66ad11962cd7f4e3a8344a2f2a9d8036b4a2029,1,0,0,0,0,0.001787
314,314,,0xc6b0a4c5ba85d082ecd4fb05fbf63eb92ac1083a,1,0,0,0,0,0.001787
315,315,,0xc703839c822844b2b1e0cdcb7d5cb738068651b9,1,0,0,0,0,0.001787
316,316,,0xc7068cb954c8620d0bac32adddf57d7b2bd17300,1,0,0,0,0,0.001787
317,317,,0xc95a94f416f801eb4a8f8595992dc443094578b4,1,0,0,0,0,0.001787
318,318,,0xcae687969d3a6c4649d114b1c768d5b1deae547b,1,0,0,0,0,0.001787
319,319,,0xcbe01d855ebc3c06383c3752dce518625d695b4c,1,0,0,0,0,0.001787
320,320,,0xcdda4d2e1059fae930b80bdc4088b70416efdd89,1,0,0,0,0,0.001787
321,321,,0xce613d7889ed5af2f091590ec20d4bde6607ee87,1,0,0,0,0,0.001787
322,322,,0xceb45b649321b55438d03384068164902e14ae6c,1,0,0,0,0,0.001787
323,323,,0xceb5e5506a2924d0fec82ae60b3726360c1d9759,1,0,0,0,0,0.001787
324,324,,0xced2d002d5c2e5a3ef2c3aae00c671a1d2b225a6,1,0,0,0,0,0.001787
325,325,,0xcf5bf8ba56ff1b212859f88935d3336632ca286e,1,0,0,0,0,0.001787
326,326,,0xcf88fa6ee6d111b04be9b06ef6fad6bd6691b88c,1,0,0,0,0,0.001787
327,327,,0xcfcefd7d303230361faa3e8dacaccb206e137550,1,0,0,0,0,0.001787
328,328,,0xd03614c920a0c334b842320999398e1387791bf8,1,0,0,0,0,0.001787
329,329,,0xd13c86b5d8371456875305505a99ddee3686a2aa,1,0,0,0,0,0.001787
330,330,,0xd1a0931de7a002d0d47117404bcbb3443fafb618,1,0,0,0,0,0.001787
331,331,,0xd1b06286f759cd9e1c140c6311ff8f2816167e65,1,0,0,0,0,0.001787
332,332,,0xd1e19c472bf71fcb1016705d2d4cda041bbf0a06,1,0,0,0,0,0.001787
333,333,,0xd1edec711d5ea0b4b064b678ff4a13b2c2a5ce8b,1,0,0,0,0,0.001787
334,334,,0xd21fdd0b3c51365e024b38dee505c09d8856b2ad,1,0,0,0,0,0.001787
335,335,,0xd259f95031df1d1ce614e62a21e7b51e5a666779,1,0,0,0,0,0.001787
336,336,,0xd3e9d60e4e4de615124d5239219f32946d10151d,1,0,0,0,0,0.001787
337,337,,0xd5bb449ebd48276d1b5cbd2ccf1b0fb453059d28,1,0,0,0,0,0.001787
338,338,,0xd5e2164f83103059ab159eb0c79db6d07af492a9,1,0,0,0,0,0.001787
339,339,,0xd65478656497b3388c2c930de3bc48ac0688039d,1,0,0,0,0,0.001787
340,340,,0xd67dfceab6587e655322b804547b9b450b2f78ac,1,0,0,0,0,0.001787
341,341,,0xd714dd60e22bbb1cbafd0e40de5cfa7bbdd3f3c8,1,0,0,0,0,0.001787
342,342,,0xd89b6d5228672ec03ab5929d625e373b4f1f25f3,1,0,0,0,0,0.001787
343,343,,0xd9c1b92f94e2c39032ee7db7f1f7603d51ae7b4b,1,0,0,0,0,0.001787
344,344,,0xdab253e34810b4c65b7575ac1919a08ffee5740c,1,0,0,0,0,0.001787
345,345,,0xdb836226ddd4458a3c9075edb7c826aa0d2cba4b,1,0,0,0,0,0.001787
346,346,,0xdc5bbe6b5f4f0abe6be0b1d57a1d45c333a26b80,1,0,0,0,0,0.001787
347,347,,0xdc71e82e1150263ad3a9b184249eeea36f4b3a80,1,0,0,0,0,0.001787
348,348,,0xdd4a7cc4092515c130667c1bfd53be0de91062c5,1,0,0,0,0,0.001787
349,349,,0xde7e3ec4442ba87247797bea433985449edea893,1,0,0,0,0,0.001787
350,350,,0xdf0259238271427c469abc18a2cb3047d5c12466,1,0,0,0,0,0.001787
351,351,,0xdf9b0d723776972c5cae27fdb4f3ea827a5cf283,1,0,0,0,0,0.001787
352,352,,0xe0aee0165ed460690752cfa1c7dbd8ebdfae4929,1,0,0,0,0,0.001787
353,353,,0xe1163ec5301034b3eafe6aaa0061602e90c3ae68,1,0,0,0,0,0.001787
354,354,,0xe13ccb8c29e1a921cbd70e1dd5cfe802f9f9d415,1,0,0,0,0,0.001787
355,355,,0xe1a92a2fab8a3350c01c01af58aaab44eac29cf8,1,0,0,0,0,0.001787
356,356,,0xe1df489f8d0ecb16c6e1a8fb0727ec2d4b8489ba,1,0,0,0,0,0.001787
357,357,,0xe29a27962e16eb0a3c7826ebb960bbe1e95f535e,1,0,0,0,0,0.001787
358,358,,0xe2f35b376461e7fdd2f2e45248e4c3cd9626a933,1,0,0,0,0,0.001787
359,359,,0xe3286f29f8696f75d3bc082eaf94c75c13dfbe46,1,0,0,0,0,0.001787
360,360,,0xe3ae0df65fea636eee1f5f29248fed052bef2bb2,1,0,0,0,0,0.001787
361,361,,0xe3e0ebdb3cafbd09b6efa4bcf394a51b21f198ca,1,1,2,0,2,0.002561
362,362,,0xe4c9b2ecb2a419de9a8a8c93de41b57dfc16c4cb,1,0,0,0,0,0.001787
363,363,,0xe73a25b58bf440d8ad53eb773f412a4e89e22719,1,0,0,0,0,0.001787
364,364,,0xe7b81ae742fdc4cac5f6280aa91bc28d6df34a89,1,0,0,0,0,0.001787
365,365,,0xe7c551e635307ab3ab109f16bbfcae6a892d9b4d,1,0,0,0,0,0.001787
366,366,,0xe7c6459fb1b5c02cc454e48291d716799fe01aa2,1,0,0,0,0,0.001787
367,367,,0xe8332043e54a2470e148f0c1ac0af188d9d46524,1,0,0,0,0,0.001787
368,368,,0xe858a4bf603995a9156edbd25ff06269d997839e,1,5,3,3,6,0.004333
369,369,,0xe8c3a3f1eb0a4f845ae1f2115d18db37ab55f51f,1,0,0,0,0,0.001787
370,370,,0xea6081a8a8d81b6f057b1868b9930f6f57b30e80,1,0,0,0,0,0.001787
371,371,,0xeaa9f91064e7b9ae4f3b8e4961eab9556f24c8ad,1,0,0,0,0,0.001787
372,372,,0xebeca0e9cdc873d51a2c232449b110b99525323f,1,0,0,0,0,0.001787
373,373,,0xec50ad7052bd1bb900ff0c31338d306344d1999e,1,0,0,0,0,0.001787
374,374,,0xecbbc62189b18902e9abe7236edfa7964f7e3381,1,0,0,0,0,0.001787
375,375,,0xed0d55bc05e1b8ce1f2bbd825e91b75e38210f07,1,0,0,0,0,0.001787
376,376,,0xed6fa573b2ddb34f6a9a6941b53f7833bf283b02,1,0,0,0,0,0.001787
377,377,,0xedf4a91ebec2270c12991704ab010ecb93565b2d,1,1,2,0,2,0.003337
378,378,,0xeea95edfc25f15c0c44d4081bbd85026ba298dc6,1,0,0,0,0,0.001787
379,379,,0xeefec5734f649fd1a356894319d3d7393b6b0f8b,1,0,0,0,0,0.001787
380,380,,0xefa21088f3830cd7d9f526ea268f7aaba34f785f,1,0,0,0,0,0.001787
381,381,,0xf09ce8a24c6db0e0c2c2edd6fe60097b172f8141,1,0,0,0,0,0.001787
382,382,,0xf0b253affde4d348a63e2a5971c3978342c28461,1,0,0,0,0,0.001787
383,383,,0xf0b2c8400e694672adbb9d64ba1d2b02b0aeb273,1,0,0,0,0,0.001787
384,384,,0xf0c7ef0861d4f55368cbb7724ef61aec198a8efc,1,1,0,0,0,0.001787
385,385,,0xf16294a979a027f297dace2f618cb57bc4bf5d16,1,0,0,0,0,0.001787
386,386,,0xf20f6453f556cbfadb1ea16c84593056c6bff635,1,0,0,0,0,0.001787
387,387,,0xf2a997f56373bc99fa6829098c78f10088255e77,1,1,0,1,1,0.001787
388,388,,0xf36700ff798394c4a58fe861a4661f5489d90735,1,0,0,0,0,0.001787
389,389,,0xf50a3cfd68a00009623e1767eb696c4cc9347a7d,1,1,1,0,1,0.002505
390,390,,0xf565a03815158ede5816da2307342d09531c6661,1,0,0,0,0,0.001787
391,391,,0xf70be025b4739c028aa792a997e9eb80e8b24f0e,1,0,0,0,0,0.001787
392,392,,0xf844989ab675cb7da9f2eaa3d274dfe66c9502ce,1,0,0,0,0,0.001787
393,393,,0xfa9692665c4273c6c7ed8ca898054f039496609e,1,0,0,0,0,0.001787
394,394,,0xfaae15c9a1f28febd3853265b2de4e0c09eef8a9,1,0,0,0,0,0.001787
395,395,,0xfad1611565ac495c927000623f0d04c84e1091e6,1,0,0,0,0,0.001787
396,396,,0xfafcb9f78bed5533692364b4713ed339aa1e52ca,1,0,0,0,0,0.001787
397,397,,0xfbaa4b78cb2f8d138b30cd4197eaa4e98485b3aa,1,0,0,0,0,0.001787
398,398,,0xfc62230c5b4c00430ffa8c0a1953958707f4e90d,1,0,0,0,0,0.001787
399,399,,0xfcd81c0d8fcdba864cc558c17af8ef83d05bdf45,1,0,0,0,0,0.001787
400,400,,0xfd0f138c1ca4741ad6d4deccb352eb5c1e29d351,1,0,0,0,0,0.001787
401,401,,0xfd80a1a73b3b99ef08796f2f93f160eead48e653,1,0,0,0,0,0.001787
402,402,,0xff245c309c32ca3fcb1f40bc18113c7ed62ed95e,1,0,0,0,0,0.001787
403,403,,0x0031ce5920cbe1e600113d14ca06ac6596fe7466,0,13,4,5,9,0.004667
404,404,,0xe5b49414b2e130c28a4e67ab6fe34acdc0d4bedf,0,1,1,0,1,0.003306
405,405,,0x87c308b70ad9eacbef0cb43514a104684edb8a5d,0,4,0,1,1,0.001787
406,406,,0xd377b7a9e76fc735ad1a579254ac7dd35f8978dc,0,1,0,0,0,0.001787
407,407,,0x3bd59ed16c462b4464091830dab828dce079076f,0,1,0,1,1,0.001787
408,408,,0x0c9464826b55f78631b58e06afd91165c64b88d0,0,2,1,0,1,0.002505
409,409,,0xa7d862394234c3480a1f3f278fa710e1a0d2d728,0,18,1,2,3,0.002547
410,410,,0xf86eb5215f14af0ec2708653dc8a7c6714648eb1,0,2,0,1,1,0.001787
411,411,,0xc1b213e5740f35da03401f0f08f39399940d9e23,0,1,0,1,1,0.001787
412,412,,0x2b4cd93f38cd42b19a999853ad0f0013e9a73474,0,7,0,1,1,0.001787
413,413,,0x84740f97aea62c5dc36756dfd9f749412534220e,0,2,1,2,3,0.003108
414,414,,0x0ebe6da02f0dbda532e841dedec796b6548481b2,0,1,0,0,0,0.001787
415,415,,0xf29d9bc8b46b2ff26867bed73ba2def0e160bbff,0,6,1,0,1,0.005431
416,416,,0x3d5fb2963739974207f4829d37795803d543f05a,0,1,0,0,0,0.001787
417,417,,0xb9b237e7d96c6135e3df3ca4804945a8e56ff46c,0,5,2,3,5,0.002561
418,418,,0x2bc1fed4c65c9b1dc2baaff2f3198acc42c41778,0,3,0,0,0,0.001787
419,419,,0x21639a426a07498c4e7157ba909f92da2d57ce87,0,1,3,1,4,0.003571
420,420,,0x097468dc04cbbb63cb0a3e28d3d9906471d6ebf0,0,8,0,0,0,0.001787
421,421,,0xae5fb390e5c4fa1962e39e98dbfb0ed8055ed7a9,0,6,6,2,8,0.009371
422,422,,0xa0ef3d1ced8d9b5470a2b8c8764e58fad5d36db6,0,1,0,3,3,0.001787
423,423,,0x75367b63d715279b4f47b32bb77de80b067a6b66,0,7,2,2,4,0.003043
424,424,,0x6de3a8b94f89bac11099139979f61567ed33687a,0,4,0,0,0,0.001787
425,425,,0x7e19563299ed66d0b108c50a0e44232b8b41b9b6,0,1,0,0,0,0.001787
426,426,,0x95fd1628e15e4ead16e4f85cc1e4e8c58d8bc34c,0,1,2,0,2,0.003173
427,427,,0x4abe45a46ff4be05545684ab7aa1894628d9dca6,0,1,0,3,3,0.001787
428,428,,0xa8955de482b5e8cd340600fd8e7c5b802dc82b56,0,1,3,1,4,0.025684
429,429,,0xc3be023a8cf8f47cd29245f894e217e08007ca7a,0,1,1,2,3,0.002293
430,430,,0xcd4a73e423859d53ba25ac51b4058656984aa7e4,0,1,1,0,1,0.002371
431,431,,0x26358e62c2eded350e311bfde51588b8383a9315,0,5,1,0,1,0.002382
432,432,,0x7b2e78d4dfaaba045a167a70da285e30e8fca196,0,1,1,0,1,0.002505
433,433,,0x0613e2c0e58e811e358c0e26b51842eeda05aed4,0,1,1,2,3,0.003108
434,434,,0x583acc79585d3cb195ea8125f6f80ad459b46313,0,120,7,9,16,0.010503
435,435,,0xd87eb1b4c26d4509aca8c099c1eb9e513d053f63,0,1,1,1,2,0.003021
436,436,,0xf5913759b449fae8900d61f7116d451d200c60f7,0,5,0,0,0,0.001787
437,437,,0xb435871b0959561226b4d903b1abf79528177e81,0,137,11,18,29,0.022804
438,438,,0x774d556f7c2cae79f28a35b8e1f57371df8b8bca,0,43,3,9,12,0.004167
439,439,,0xd7fe300587d41ed0e8b6a2bed5a1b2bb4fcdad9e,0,1,2,0,2,0.00498
440,440,,0x21af5166e41dc3371d062131af9d6a25e0f5c7d1,0,3,5,1,6,0.026393
